setname;title;bg
article-comparatif-quel-service-choisir-selon-votre-objectif;Comparatif : choisir le bon service;C:\Users\bysco\Desktop\_HC_\horizon-conversion\httpdocs\public/_assets_/images/blog/cache/contenu-seo/article-comparatif-quel-service-choisir-selon-votre-objectif.jpg
b2b-local-contenus-qui-convertissent-en-pme;B2B local : contenus qui convertissent;C:\Users\bysco\Desktop\_HC_\horizon-conversion\httpdocs\public/_assets_/images/blog/cache/contenu-seo/b2b-local-contenus-qui-convertissent-en-pme.jpg
brief-redaction-template-pour-deleguer-sans-perte-de-qualite;Brief rédaction : template;C:\Users\bysco\Desktop\_HC_\horizon-conversion\httpdocs\public/_assets_/images/blog/cache/contenu-seo/brief-redaction-template-pour-deleguer-sans-perte-de-qualite.jpg
calendrier-editorial-local-3-mois-de-contenus-utiles;Calendrier éditorial local (3 mois);C:\Users\bysco\Desktop\_HC_\horizon-conversion\httpdocs\public/_assets_/images/blog/cache/contenu-seo/calendrier-editorial-local-3-mois-de-contenus-utiles.jpg
cas-clients-comment-ecrire-un-case-study-qui-vend;Case study : écrire pour vendre;C:\Users\bysco\Desktop\_HC_\horizon-conversion\httpdocs\public/_assets_/images/blog/cache/contenu-seo/cas-clients-comment-ecrire-un-case-study-qui-vend.jpg
cluster-content-hub-pages-satellites-modele;Cluster content : modèle hub + satellites;C:\Users\bysco\Desktop\_HC_\horizon-conversion\httpdocs\public/_assets_/images/blog/cache/contenu-seo/cluster-content-hub-pages-satellites-modele.jpg
comment-trouver-des-sujets-qui-generent-des-demandes;Trouver des sujets qui génèrent des leads;C:\Users\bysco\Desktop\_HC_\horizon-conversion\httpdocs\public/_assets_/images/blog/cache/contenu-seo/comment-trouver-des-sujets-qui-generent-des-demandes.jpg
e-e-a-t-renforcer-la-credibilite-sans-blabla;E-E-A-T : booster la crédibilité;C:\Users\bysco\Desktop\_HC_\horizon-conversion\httpdocs\public/_assets_/images/blog/cache/contenu-seo/e-e-a-t-renforcer-la-credibilite-sans-blabla.jpg
ecrire-pour-convertir-l-article-qui-envoie-vers-un-devis;Écrire pour convertir (devis);C:\Users\bysco\Desktop\_HC_\horizon-conversion\httpdocs\public/_assets_/images/blog/cache/contenu-seo/ecrire-pour-convertir-l-article-qui-envoie-vers-un-devis.jpg
faq-30-questions-que-vos-clients-tapent-sur-google;FAQ : 30 questions clients;C:\Users\bysco\Desktop\_HC_\horizon-conversion\httpdocs\public/_assets_/images/blog/cache/contenu-seo/faq-30-questions-que-vos-clients-tapent-sur-google.jpg
guide-debutant-cro-pour-sites-de-services;CRO débutant : sites de services;C:\Users\bysco\Desktop\_HC_\horizon-conversion\httpdocs\public/_assets_/images/blog/cache/contenu-seo/guide-debutant-cro-pour-sites-de-services.jpg
guide-debutant-google-ads-pour-petits-budgets;Google Ads débutant : petit budget;C:\Users\bysco\Desktop\_HC_\horizon-conversion\httpdocs\public/_assets_/images/blog/cache/contenu-seo/guide-debutant-google-ads-pour-petits-budgets.jpg
guide-debutant-seo-local-pour-artisans-version-2026;SEO local débutant : artisans 2026;C:\Users\bysco\Desktop\_HC_\horizon-conversion\httpdocs\public/_assets_/images/blog/cache/contenu-seo/guide-debutant-seo-local-pour-artisans-version-2026.jpg
images-seo-nom-fichier-alt-et-performance;Images SEO : nom + ALT;C:\Users\bysco\Desktop\_HC_\horizon-conversion\httpdocs\public/_assets_/images/blog/cache/contenu-seo/images-seo-nom-fichier-alt-et-performance.jpg
longue-traine-capter-les-recherches-tres-precises;Longue traîne : capter l’intention;C:\Users\bysco\Desktop\_HC_\horizon-conversion\httpdocs\public/_assets_/images/blog/cache/contenu-seo/longue-traine-capter-les-recherches-tres-precises.jpg
maillage-interne-regles-et-exemples-concrets;Maillage interne : règles + exemples;C:\Users\bysco\Desktop\_HC_\horizon-conversion\httpdocs\public/_assets_/images/blog/cache/contenu-seo/maillage-interne-regles-et-exemples-concrets.jpg
mise-a-jour-contenu-quand-et-comment-republier;Mise à jour contenu : quand / comment;C:\Users\bysco\Desktop\_HC_\horizon-conversion\httpdocs\public/_assets_/images/blog/cache/contenu-seo/mise-a-jour-contenu-quand-et-comment-republier.jpg
optimiser-title-meta-description-20-exemples;Title + meta : 20 exemples;C:\Users\bysco\Desktop\_HC_\horizon-conversion\httpdocs\public/_assets_/images/blog/cache/contenu-seo/optimiser-title-meta-description-20-exemples.jpg
pages-metier-ville-generation-scalable-astro;Pages métier+ville : scalable (Astro);C:\Users\bysco\Desktop\_HC_\horizon-conversion\httpdocs\public/_assets_/images/blog/cache/contenu-seo/pages-metier-ville-generation-scalable-astro.jpg
pages-service-comment-viser-intention-devis;Pages service : viser “devis”;C:\Users\bysco\Desktop\_HC_\horizon-conversion\httpdocs\public/_assets_/images/blog/cache/contenu-seo/pages-service-comment-viser-intention-devis.jpg
pages-ville-ecrire-unique-sans-duplication-methodes;Pages ville : unique sans duplicat;C:\Users\bysco\Desktop\_HC_\horizon-conversion\httpdocs\public/_assets_/images/blog/cache/contenu-seo/pages-ville-ecrire-unique-sans-duplication-methodes.jpg
pages-zones-contenu-et-maillage-pour-couvrir-un-departement;Pages zones : couvrir un département;C:\Users\bysco\Desktop\_HC_\horizon-conversion\httpdocs\public/_assets_/images/blog/cache/contenu-seo/pages-zones-contenu-et-maillage-pour-couvrir-un-departement.jpg
reecriture-transformer-un-contenu-moyen-en-top-3;Réécriture : passer Top 3;C:\Users\bysco\Desktop\_HC_\horizon-conversion\httpdocs\public/_assets_/images/blog/cache/contenu-seo/reecriture-transformer-un-contenu-moyen-en-top-3.jpg
schema-faq-gagner-des-rich-snippets-mode-d-emploi;Schema FAQ : rich snippets;C:\Users\bysco\Desktop\_HC_\horizon-conversion\httpdocs\public/_assets_/images/blog/cache/contenu-seo/schema-faq-gagner-des-rich-snippets-mode-d-emploi.jpg
structure-d-article-seo-modele-h2-h3-qui-ranke;Structure d’article SEO (H2/H3);C:\Users\bysco\Desktop\_HC_\horizon-conversion\httpdocs\public/_assets_/images/blog/cache/contenu-seo/structure-d-article-seo-modele-h2-h3-qui-ranke.jpg
7-optimisations-rapides-pour-doubler-les-demandes;7 quick wins : doubler les leads;C:\Users\bysco\Desktop\_HC_\horizon-conversion\httpdocs\public/_assets_/images/blog/cache/cro/7-optimisations-rapides-pour-doubler-les-demandes.jpg
ab-testing-prioriser-les-tests-a-fort-impact;A/B testing : prioriser l’impact;C:\Users\bysco\Desktop\_HC_\horizon-conversion\httpdocs\public/_assets_/images/blog/cache/cro/ab-testing-prioriser-les-tests-a-fort-impact.jpg
cas-pratique-passer-de-2-a-5-pourcent-de-conversion;Cas pratique : 2% ? 5%;C:\Users\bysco\Desktop\_HC_\horizon-conversion\httpdocs\public/_assets_/images/blog/cache/cro/cas-pratique-passer-de-2-a-5-pourcent-de-conversion.jpg
chat-widget-utile-ou-distraction-regles;Chat widget : utile ou non;C:\Users\bysco\Desktop\_HC_\horizon-conversion\httpdocs\public/_assets_/images/blog/cache/cro/chat-widget-utile-ou-distraction-regles.jpg
checklists-telechargeables-le-lead-magnet-qui-convertit;Lead magnet : checklist qui convertit;C:\Users\bysco\Desktop\_HC_\horizon-conversion\httpdocs\public/_assets_/images/blog/cache/cro/checklists-telechargeables-le-lead-magnet-qui-convertit.jpg
copywriting-local-transformer-visites-en-appels;Copywriting local : plus d’appels;C:\Users\bysco\Desktop\_HC_\horizon-conversion\httpdocs\public/_assets_/images/blog/cache/cro/copywriting-local-transformer-visites-en-appels.jpg
cro-audit-express-en-45-minutes-checklist;Audit CRO express (45 min);C:\Users\bysco\Desktop\_HC_\horizon-conversion\httpdocs\public/_assets_/images/blog/cache/cro/cro-audit-express-en-45-minutes-checklist.jpg
cro-local-arguments-par-ville-sans-sur-optimiser;CRO local : argumentaire par ville;C:\Users\bysco\Desktop\_HC_\horizon-conversion\httpdocs\public/_assets_/images/blog/cache/cro/cro-local-arguments-par-ville-sans-sur-optimiser.jpg
cro-tableau-de-priorites-ice-pour-choisir-les-actions;Priorisation ICE : tableau;C:\Users\bysco\Desktop\_HC_\horizon-conversion\httpdocs\public/_assets_/images/blog/cache/cro/cro-tableau-de-priorites-ice-pour-choisir-les-actions.jpg
cta-comment-choisir-le-bon-texte-exemples;CTA : textes qui convertissent;C:\Users\bysco\Desktop\_HC_\horizon-conversion\httpdocs\public/_assets_/images/blog/cache/cro/cta-comment-choisir-le-bon-texte-exemples.jpg
formulaire-12-champs-a-supprimer-ou-regrouper;Formulaire : 12 champs à supprimer;C:\Users\bysco\Desktop\_HC_\horizon-conversion\httpdocs\public/_assets_/images/blog/cache/cro/formulaire-12-champs-a-supprimer-ou-regrouper.jpg
gagnez-des-leads-avec-un-bandeau-sticky-appel;Bandeau sticky : gagner des leads;C:\Users\bysco\Desktop\_HC_\horizon-conversion\httpdocs\public/_assets_/images/blog/cache/cro/gagnez-des-leads-avec-un-bandeau-sticky-appel.jpg
heatmaps-et-recordings-quoi-regarder-en-premier;Heatmaps : quoi regarder;C:\Users\bysco\Desktop\_HC_\horizon-conversion\httpdocs\public/_assets_/images/blog/cache/cro/heatmaps-et-recordings-quoi-regarder-en-premier.jpg
landing-page-service-structure-ideale-h1-sections-cta;Landing service : structure idéale;C:\Users\bysco\Desktop\_HC_\horizon-conversion\httpdocs\public/_assets_/images/blog/cache/cro/landing-page-service-structure-ideale-h1-sections-cta.jpg
microcopy-petites-phrases-qui-reduisent-la-friction;Microcopy : réduire la friction;C:\Users\bysco\Desktop\_HC_\horizon-conversion\httpdocs\public/_assets_/images/blog/cache/cro/microcopy-petites-phrases-qui-reduisent-la-friction.jpg
objections-10-reponses-pour-rassurer-avant-le-contact;Objections : 10 réponses;C:\Users\bysco\Desktop\_HC_\horizon-conversion\httpdocs\public/_assets_/images/blog/cache/cro/objections-10-reponses-pour-rassurer-avant-le-contact.jpg
offres-pack-simple-vs-sur-mesure-impact-conversion;Offres : pack vs sur-mesure;C:\Users\bysco\Desktop\_HC_\horizon-conversion\httpdocs\public/_assets_/images/blog/cache/cro/offres-pack-simple-vs-sur-mesure-impact-conversion.jpg
page-contact-modeles-qui-augmentent-les-demandes;Page contact : modèles performants;C:\Users\bysco\Desktop\_HC_\horizon-conversion\httpdocs\public/_assets_/images/blog/cache/cro/page-contact-modeles-qui-augmentent-les-demandes.jpg
pages-zones-comment-augmenter-le-taux-de-prise-de-contact;Pages zones : + prise de contact;C:\Users\bysco\Desktop\_HC_\horizon-conversion\httpdocs\public/_assets_/images/blog/cache/cro/pages-zones-comment-augmenter-le-taux-de-prise-de-contact.jpg
popups-quand-ca-marche-sans-nuire-au-seo;Popups : quand ça marche;C:\Users\bysco\Desktop\_HC_\horizon-conversion\httpdocs\public/_assets_/images/blog/cache/cro/popups-quand-ca-marche-sans-nuire-au-seo.jpg
preuves-avis-logos-chiffres-quoi-afficher-et-ou;Preuves : avis - logos - chiffres;C:\Users\bysco\Desktop\_HC_\horizon-conversion\httpdocs\public/_assets_/images/blog/cache/cro/preuves-avis-logos-chiffres-quoi-afficher-et-ou.jpg
pricing-afficher-les-prix-ou-non-cadre-de-decision;Pricing : afficher les prix ?;C:\Users\bysco\Desktop\_HC_\horizon-conversion\httpdocs\public/_assets_/images/blog/cache/cro/pricing-afficher-les-prix-ou-non-cadre-de-decision.jpg
tracking-conversion-les-8-evenements-indispensables;Tracking conversion : 8 événements;C:\Users\bysco\Desktop\_HC_\horizon-conversion\httpdocs\public/_assets_/images/blog/cache/cro/tracking-conversion-les-8-evenements-indispensables.jpg
vitesse-mobile-10-actions-faciles-qui-rapportent;Vitesse mobile : 10 actions;C:\Users\bysco\Desktop\_HC_\horizon-conversion\httpdocs\public/_assets_/images/blog/cache/cro/vitesse-mobile-10-actions-faciles-qui-rapportent.jpg
whatsapp-vs-formulaire-quoi-proposer-selon-le-metier;WhatsApp vs formulaire : choisir;C:\Users\bysco\Desktop\_HC_\horizon-conversion\httpdocs\public/_assets_/images/blog/cache/cro/whatsapp-vs-formulaire-quoi-proposer-selon-le-metier.jpg
20-mots-cles-a-exclure-des-le-depart-liste;Mots-clés : liste à exclure;C:\Users\bysco\Desktop\_HC_\horizon-conversion\httpdocs\public/_assets_/images/blog/cache/google-ads/20-mots-cles-a-exclure-des-le-depart-liste.jpg
a-b-test-de-landing-methode-simple-sans-outils-lourds;A/B landing : méthode simple;C:\Users\bysco\Desktop\_HC_\horizon-conversion\httpdocs\public/_assets_/images/blog/cache/google-ads/a-b-test-de-landing-methode-simple-sans-outils-lourds.jpg
ads-seo-local-strategie-combinee;Ads + SEO local : combo;C:\Users\bysco\Desktop\_HC_\horizon-conversion\httpdocs\public/_assets_/images/blog/cache/google-ads/ads-seo-local-strategie-combinee.jpg
annonces-rsa-5-templates-qui-convertissent;RSA : 5 templates;C:\Users\bysco\Desktop\_HC_\horizon-conversion\httpdocs\public/_assets_/images/blog/cache/google-ads/annonces-rsa-5-templates-qui-convertissent.jpg
broad-phrase-exact-regles-simples-pour-ne-pas-se-tromper;Broad/Phrase/Exact : règles;C:\Users\bysco\Desktop\_HC_\horizon-conversion\httpdocs\public/_assets_/images/blog/cache/google-ads/broad-phrase-exact-regles-simples-pour-ne-pas-se-tromper.jpg
call-only-et-extensions-d-appel-quand-ca-marche;Call-only : quand l’utiliser;C:\Users\bysco\Desktop\_HC_\horizon-conversion\httpdocs\public/_assets_/images/blog/cache/google-ads/call-only-et-extensions-d-appel-quand-ca-marche.jpg
campagnes-urgence-bonnes-pratiques-plombier-serrurier;Campagnes urgence : bonnes pratiques;C:\Users\bysco\Desktop\_HC_\horizon-conversion\httpdocs\public/_assets_/images/blog/cache/google-ads/campagnes-urgence-bonnes-pratiques-plombier-serrurier.jpg
cpl-et-cpa-definir-un-objectif-realiste-par-metier;CPL/CPA : objectif par métier;C:\Users\bysco\Desktop\_HC_\horizon-conversion\httpdocs\public/_assets_/images/blog/cache/google-ads/cpl-et-cpa-definir-un-objectif-realiste-par-metier.jpg
erreur-numero-1-envoyer-vers-la-home-et-alternative;Erreur #1 : renvoyer home;C:\Users\bysco\Desktop\_HC_\horizon-conversion\httpdocs\public/_assets_/images/blog/cache/google-ads/erreur-numero-1-envoyer-vers-la-home-et-alternative.jpg
etude-de-cas-reduire-le-cpl-de-35-pourcent-en-4-semaines;Cas : CPL -35% en 4 semaines;C:\Users\bysco\Desktop\_HC_\horizon-conversion\httpdocs\public/_assets_/images/blog/cache/google-ads/etude-de-cas-reduire-le-cpl-de-35-pourcent-en-4-semaines.jpg
eviter-les-clics-inutiles-zones-horaires-appareils;Réduire clics inutiles : réglages;C:\Users\bysco\Desktop\_HC_\horizon-conversion\httpdocs\public/_assets_/images/blog/cache/google-ads/eviter-les-clics-inutiles-zones-horaires-appareils.jpg
extensions-sitelinks-accroches-extraits-quoi-activer;Extensions : quoi activer;C:\Users\bysco\Desktop\_HC_\horizon-conversion\httpdocs\public/_assets_/images/blog/cache/google-ads/extensions-sitelinks-accroches-extraits-quoi-activer.jpg
filtrer-les-demandes-hors-cible-lead-quality;Lead quality : filtrer hors-cible;C:\Users\bysco\Desktop\_HC_\horizon-conversion\httpdocs\public/_assets_/images/blog/cache/google-ads/filtrer-les-demandes-hors-cible-lead-quality.jpg
google-ads-b2b-local-capter-des-demandes-qualifiees;Ads B2B local : demandes qualifiées;C:\Users\bysco\Desktop\_HC_\horizon-conversion\httpdocs\public/_assets_/images/blog/cache/google-ads/google-ads-b2b-local-capter-des-demandes-qualifiees.jpg
google-ads-petit-budget-strategie-10-a-20-euros-par-jour;Ads petit budget : 10–20€/j;C:\Users\bysco\Desktop\_HC_\horizon-conversion\httpdocs\public/_assets_/images/blog/cache/google-ads/google-ads-petit-budget-strategie-10-a-20-euros-par-jour.jpg
google-ads-pour-artisans-structure-qui-evite-de-bruler-le-budget;Ads artisans : éviter de brûler;C:\Users\bysco\Desktop\_HC_\horizon-conversion\httpdocs\public/_assets_/images/blog/cache/google-ads/google-ads-pour-artisans-structure-qui-evite-de-bruler-le-budget.jpg
google-ads-pour-cabinets-attirer-des-patients-proprement;Ads cabinets : attirer proprement;C:\Users\bysco\Desktop\_HC_\horizon-conversion\httpdocs\public/_assets_/images/blog/cache/google-ads/google-ads-pour-cabinets-attirer-des-patients-proprement.jpg
landing-page-ads-9-elements-qui-doublent-le-taux-de-conversion;Landing Ads : 9 éléments clés;C:\Users\bysco\Desktop\_HC_\horizon-conversion\httpdocs\public/_assets_/images/blog/cache/google-ads/landing-page-ads-9-elements-qui-doublent-le-taux-de-conversion.jpg
mesurer-la-qualite-des-appels-duree-et-conversion;Qualité appels : durée & conv.;C:\Users\bysco\Desktop\_HC_\horizon-conversion\httpdocs\public/_assets_/images/blog/cache/google-ads/mesurer-la-qualite-des-appels-duree-et-conversion.jpg
plan-hebdo-de-pilotage-google-ads-en-30-minutes;Pilotage Ads : plan hebdo (30 min);C:\Users\bysco\Desktop\_HC_\horizon-conversion\httpdocs\public/_assets_/images/blog/cache/google-ads/plan-hebdo-de-pilotage-google-ads-en-30-minutes.jpg
rapport-des-termes-de-recherche-comment-l-utiliser;Termes de recherche : l’utiliser;C:\Users\bysco\Desktop\_HC_\horizon-conversion\httpdocs\public/_assets_/images/blog/cache/google-ads/rapport-des-termes-de-recherche-comment-l-utiliser.jpg
remarketing-relancer-sans-spammer-frequence-et-audiences;Remarketing : fréquence & audiences;C:\Users\bysco\Desktop\_HC_\horizon-conversion\httpdocs\public/_assets_/images/blog/cache/google-ads/remarketing-relancer-sans-spammer-frequence-et-audiences.jpg
search-vs-performance-max-quoi-choisir-pour-du-lead-local;Search vs PMax : choisir;C:\Users\bysco\Desktop\_HC_\horizon-conversion\httpdocs\public/_assets_/images/blog/cache/google-ads/search-vs-performance-max-quoi-choisir-pour-du-lead-local.jpg
structurer-une-campagne-par-service-modele-reutilisable;Campagne par service : modèle;C:\Users\bysco\Desktop\_HC_\horizon-conversion\httpdocs\public/_assets_/images/blog/cache/google-ads/structurer-une-campagne-par-service-modele-reutilisable.jpg
tracking-ads-appels-formulaires-whatsapp-setup-simple;Tracking Ads : appels/forms/WA;C:\Users\bysco\Desktop\_HC_\horizon-conversion\httpdocs\public/_assets_/images/blog/cache/google-ads/tracking-ads-appels-formulaires-whatsapp-setup-simple.jpg
avis-clients-script-de-demande-reponses-modeles;Avis clients : scripts + réponses;C:\Users\bysco\Desktop\_HC_\horizon-conversion\httpdocs\public/_assets_/images/blog/cache/seo-local/avis-clients-script-de-demande-reponses-modeles.jpg
cas-pratique-avocat-chantilly-structure-contenus;Cas avocat Chantilly : structure;C:\Users\bysco\Desktop\_HC_\horizon-conversion\httpdocs\public/_assets_/images/blog/cache/seo-local/cas-pratique-avocat-chantilly-structure-contenus.jpg
cas-pratique-kine-creil-seo-local-doctolib;Cas kiné Creil : SEO + Doctolib;C:\Users\bysco\Desktop\_HC_\horizon-conversion\httpdocs\public/_assets_/images/blog/cache/seo-local/cas-pratique-kine-creil-seo-local-doctolib.jpg
cas-pratique-plombier-senlis-pages-maillage-avis;Cas plombier Senlis : pages & avis;C:\Users\bysco\Desktop\_HC_\horizon-conversion\httpdocs\public/_assets_/images/blog/cache/seo-local/cas-pratique-plombier-senlis-pages-maillage-avis.jpg
citations-locales-annuaires-utiles-vs-annuaires-a-eviter;Citations locales : utiles vs à éviter;C:\Users\bysco\Desktop\_HC_\horizon-conversion\httpdocs\public/_assets_/images/blog/cache/seo-local/citations-locales-annuaires-utiles-vs-annuaires-a-eviter.jpg
combien-de-pages-locales-faut-il-vraiment;Pages locales : combien ?;C:\Users\bysco\Desktop\_HC_\horizon-conversion\httpdocs\public/_assets_/images/blog/cache/seo-local/combien-de-pages-locales-faut-il-vraiment.jpg
comment-choisir-les-bonnes-categories-sur-google-business-profile;GBP : choisir les catégories;C:\Users\bysco\Desktop\_HC_\horizon-conversion\httpdocs\public/_assets_/images/blog/cache/seo-local/comment-choisir-les-bonnes-categories-sur-google-business-profile.jpg
comment-depasser-vos-concurrents-avec-moins-d-avis;Dépasser concurrents : moins d’avis;C:\Users\bysco\Desktop\_HC_\horizon-conversion\httpdocs\public/_assets_/images/blog/cache/seo-local/comment-depasser-vos-concurrents-avec-moins-d-avis.jpg
convertir-le-trafic-google-maps-en-demandes-checklist;Maps ? leads : checklist;C:\Users\bysco\Desktop\_HC_\horizon-conversion\httpdocs\public/_assets_/images/blog/cache/seo-local/convertir-le-trafic-google-maps-en-demandes-checklist.jpg
faq-locale-comment-gagner-des-positions-avec-10-questions;FAQ locale : 10 questions;C:\Users\bysco\Desktop\_HC_\horizon-conversion\httpdocs\public/_assets_/images/blog/cache/seo-local/faq-locale-comment-gagner-des-positions-avec-10-questions.jpg
gerer-les-doublons-de-fiche-google-procedure-rapide;Doublons GBP : procédure;C:\Users\bysco\Desktop\_HC_\horizon-conversion\httpdocs\public/_assets_/images/blog/cache/seo-local/gerer-les-doublons-de-fiche-google-procedure-rapide.jpg
google-business-profile-checklist-complete-2026;Checklist GBP 2026;C:\Users\bysco\Desktop\_HC_\horizon-conversion\httpdocs\public/_assets_/images/blog/cache/seo-local/google-business-profile-checklist-complete-2026.jpg
google-maps-optimiser-la-zone-desservie-service-area;Google Maps : zone desservie;C:\Users\bysco\Desktop\_HC_\horizon-conversion\httpdocs\public/_assets_/images/blog/cache/seo-local/google-maps-optimiser-la-zone-desservie-service-area.jpg
kpi-seo-local-appels-itineraires-clics-site-interpretation;KPI SEO local : lecture;C:\Users\bysco\Desktop\_HC_\horizon-conversion\httpdocs\public/_assets_/images/blog/cache/seo-local/kpi-seo-local-appels-itineraires-clics-site-interpretation.jpg
les-12-erreurs-qui-plombent-votre-visibilite-sur-google-maps;Maps : 12 erreurs fréquentes;C:\Users\bysco\Desktop\_HC_\horizon-conversion\httpdocs\public/_assets_/images/blog/cache/seo-local/les-12-erreurs-qui-plombent-votre-visibilite-sur-google-maps.jpg
maillage-interne-local-modele-de-liens-entre-villes-et-services;Maillage local : villes ? services;C:\Users\bysco\Desktop\_HC_\horizon-conversion\httpdocs\public/_assets_/images/blog/cache/seo-local/maillage-interne-local-modele-de-liens-entre-villes-et-services.jpg
nap-pourquoi-nom-adresse-telephone-doit-etre-identique-partout;NAP : cohérence obligatoire;C:\Users\bysco\Desktop\_HC_\horizon-conversion\httpdocs\public/_assets_/images/blog/cache/seo-local/nap-pourquoi-nom-adresse-telephone-doit-etre-identique-partout.jpg
pages-ville-service-structure-qui-ranke-exemples;Ville+service : structure qui ranke;C:\Users\bysco\Desktop\_HC_\horizon-conversion\httpdocs\public/_assets_/images/blog/cache/seo-local/pages-ville-service-structure-qui-ranke-exemples.jpg
photos-google-business-profile-quoi-publier-pour-performer;Photos GBP : quoi publier;C:\Users\bysco\Desktop\_HC_\horizon-conversion\httpdocs\public/_assets_/images/blog/cache/seo-local/photos-google-business-profile-quoi-publier-pour-performer.jpg
referencement-local-sans-site-possible-ou-non;SEO local sans site : possible ?;C:\Users\bysco\Desktop\_HC_\horizon-conversion\httpdocs\public/_assets_/images/blog/cache/seo-local/referencement-local-sans-site-possible-ou-non.jpg
schema-localbusiness-et-service-mise-en-place-simple;Schema LocalBusiness : setup;C:\Users\bysco\Desktop\_HC_\horizon-conversion\httpdocs\public/_assets_/images/blog/cache/seo-local/schema-localbusiness-et-service-mise-en-place-simple.jpg
seo-local-artisans-mots-cles-qui-convertissent-vraiment;SEO local artisans : mots clés;C:\Users\bysco\Desktop\_HC_\horizon-conversion\httpdocs\public/_assets_/images/blog/cache/seo-local/seo-local-artisans-mots-cles-qui-convertissent-vraiment.jpg
seo-local-cabinets-capter-rdv-specialite-ville;SEO local cabinets : RDV;C:\Users\bysco\Desktop\_HC_\horizon-conversion\httpdocs\public/_assets_/images/blog/cache/seo-local/seo-local-cabinets-capter-rdv-specialite-ville.jpg
seo-local-plan-d-action-30-jours-pour-gagner-des-appels;Plan SEO local : 30 jours;C:\Users\bysco\Desktop\_HC_\horizon-conversion\httpdocs\public/_assets_/images/blog/cache/seo-local/seo-local-plan-d-action-30-jours-pour-gagner-des-appels.jpg
seo-local-suivre-ses-positions-autour-de-moi;Positions “autour de moi”;C:\Users\bysco\Desktop\_HC_\horizon-conversion\httpdocs\public/_assets_/images/blog/cache/seo-local/seo-local-suivre-ses-positions-autour-de-moi.jpg
attribution-comprendre-source-medium-campaign-en-clair;Attribution : source/medium/campaign;C:\Users\bysco\Desktop\_HC_\horizon-conversion\httpdocs\public/_assets_/images/blog/cache/tracking/attribution-comprendre-source-medium-campaign-en-clair.jpg
audit-tracking-checklist-en-30-points;Audit tracking : 30 points;C:\Users\bysco\Desktop\_HC_\horizon-conversion\httpdocs\public/_assets_/images/blog/cache/tracking/audit-tracking-checklist-en-30-points.jpg
consent-mode-comprendre-l-impact-et-les-bases;Consent mode : bases & impact;C:\Users\bysco\Desktop\_HC_\horizon-conversion\httpdocs\public/_assets_/images/blog/cache/tracking/consent-mode-comprendre-l-impact-et-les-bases.jpg
conversions-quelles-conversions-declarer-dans-ga4;GA4 : quelles conversions;C:\Users\bysco\Desktop\_HC_\horizon-conversion\httpdocs\public/_assets_/images/blog/cache/tracking/conversions-quelles-conversions-declarer-dans-ga4.jpg
cookie-banner-bonnes-pratiques-sans-casser-le-tracking;Cookie banner : sans casser;C:\Users\bysco\Desktop\_HC_\horizon-conversion\httpdocs\public/_assets_/images/blog/cache/tracking/cookie-banner-bonnes-pratiques-sans-casser-le-tracking.jpg
dashboard-10-kpi-pour-piloter-un-site-local;Dashboard : 10 KPI local;C:\Users\bysco\Desktop\_HC_\horizon-conversion\httpdocs\public/_assets_/images/blog/cache/tracking/dashboard-10-kpi-pour-piloter-un-site-local.jpg
evenements-naming-convention-qui-tient-dans-le-temps;Naming events : durable;C:\Users\bysco\Desktop\_HC_\horizon-conversion\httpdocs\public/_assets_/images/blog/cache/tracking/evenements-naming-convention-qui-tient-dans-le-temps.jpg
filtrer-le-trafic-interne-methode-rapide-et-sure;Filtrer trafic interne : méthode;C:\Users\bysco\Desktop\_HC_\horizon-conversion\httpdocs\public/_assets_/images/blog/cache/tracking/filtrer-le-trafic-interne-methode-rapide-et-sure.jpg
formulaires-evenement-submit-fiable-anti-faux-positifs;Submit fiable : anti faux positifs;C:\Users\bysco\Desktop\_HC_\horizon-conversion\httpdocs\public/_assets_/images/blog/cache/tracking/formulaires-evenement-submit-fiable-anti-faux-positifs.jpg
ga4-configuration-minimale-pour-un-site-de-services;GA4 : config minimale;C:\Users\bysco\Desktop\_HC_\horizon-conversion\httpdocs\public/_assets_/images/blog/cache/tracking/ga4-configuration-minimale-pour-un-site-de-services.jpg
google-ads-ga4-eviter-les-doubles-comptages;Ads + GA4 : éviter double comptage;C:\Users\bysco\Desktop\_HC_\horizon-conversion\httpdocs\public/_assets_/images/blog/cache/tracking/google-ads-ga4-eviter-les-doubles-comptages.jpg
google-business-profile-suivre-les-clics-et-conversions;GBP : clics & conversions;C:\Users\bysco\Desktop\_HC_\horizon-conversion\httpdocs\public/_assets_/images/blog/cache/tracking/google-business-profile-suivre-les-clics-et-conversions.jpg
gtm-plan-de-marquage-simple-events-et-conversions;Plan GTM : events + conv;C:\Users\bysco\Desktop\_HC_\horizon-conversion\httpdocs\public/_assets_/images/blog/cache/tracking/gtm-plan-de-marquage-simple-events-et-conversions.jpg
mesurer-les-appels-clic-tel-call-tracking-options;Mesurer appels : options;C:\Users\bysco\Desktop\_HC_\horizon-conversion\httpdocs\public/_assets_/images/blog/cache/tracking/mesurer-les-appels-clic-tel-call-tracking-options.jpg
mesurer-whatsapp-events-et-conversions-propres;Mesurer WhatsApp : events propres;C:\Users\bysco\Desktop\_HC_\horizon-conversion\httpdocs\public/_assets_/images/blog/cache/tracking/mesurer-whatsapp-events-et-conversions-propres.jpg
migration-ua-vers-ga4-erreurs-classiques-a-eviter;UA ? GA4 : erreurs;C:\Users\bysco\Desktop\_HC_\horizon-conversion\httpdocs\public/_assets_/images/blog/cache/tracking/migration-ua-vers-ga4-erreurs-classiques-a-eviter.jpg
plan-de-mesure-90-jours-quoi-mettre-en-place-en-premier;Plan de mesure : 90 jours;C:\Users\bysco\Desktop\_HC_\horizon-conversion\httpdocs\public/_assets_/images/blog/cache/tracking/plan-de-mesure-90-jours-quoi-mettre-en-place-en-premier.jpg
rapports-de-performance-landing-pages-lecture-utile;GA4 : perf landing pages;C:\Users\bysco\Desktop\_HC_\horizon-conversion\httpdocs\public/_assets_/images/blog/cache/tracking/rapports-de-performance-landing-pages-lecture-utile.jpg
rapports-ga4-lesquels-regarder-chaque-semaine;GA4 : rapports hebdo;C:\Users\bysco\Desktop\_HC_\horizon-conversion\httpdocs\public/_assets_/images/blog/cache/tracking/rapports-ga4-lesquels-regarder-chaque-semaine.jpg
regles-pour-un-datalayer-propre-exemples-simples;DataLayer : règles simples;C:\Users\bysco\Desktop\_HC_\horizon-conversion\httpdocs\public/_assets_/images/blog/cache/tracking/regles-pour-un-datalayer-propre-exemples-simples.jpg
server-side-tagging-quand-ca-vaut-le-coup;Server-side tagging : quand;C:\Users\bysco\Desktop\_HC_\horizon-conversion\httpdocs\public/_assets_/images/blog/cache/tracking/server-side-tagging-quand-ca-vaut-le-coup.jpg
spam-et-bots-nettoyer-les-donnees;Spam & bots : nettoyer;C:\Users\bysco\Desktop\_HC_\horizon-conversion\httpdocs\public/_assets_/images/blog/cache/tracking/spam-et-bots-nettoyer-les-donnees.jpg
suivi-des-leads-relier-hubspot-a-ga4-principes;Leads : HubSpot ? GA4;C:\Users\bysco\Desktop\_HC_\horizon-conversion\httpdocs\public/_assets_/images/blog/cache/tracking/suivi-des-leads-relier-hubspot-a-ga4-principes.jpg
tracking-multi-domaines-comment-le-faire-proprement;Tracking multi-domaines : propre;C:\Users\bysco\Desktop\_HC_\horizon-conversion\httpdocs\public/_assets_/images/blog/cache/tracking/tracking-multi-domaines-comment-le-faire-proprement.jpg
utm-la-nomenclature-propre-pour-ne-pas-se-perdre;UTM : nomenclature claire;C:\Users\bysco\Desktop\_HC_\horizon-conversion\httpdocs\public/_assets_/images/blog/cache/tracking/utm-la-nomenclature-propre-pour-ne-pas-se-perdre.jpg
audiences-visiteurs-site-vs-leads-vs-lookalike;Audiences : visiteurs vs leads vs lookalike;C:\Users\bysco\Desktop\_HC_\horizon-conversion\httpdocs\public/_assets_/images/blog/cache/social-retargeting/audiences-visiteurs-site-vs-leads-vs-lookalike.jpg
calendrier-social-4-semaines-de-contenus-templates;Calendrier social : 4 semaines (templates);C:\Users\bysco\Desktop\_HC_\horizon-conversion\httpdocs\public/_assets_/images/blog/cache/social-retargeting/calendrier-social-4-semaines-de-contenus-templates.jpg
cas-pratique-relancer-7-jours-puis-30-jours-scenario;Relance : J+7 puis J+30 (scénario);C:\Users\bysco\Desktop\_HC_\horizon-conversion\httpdocs\public/_assets_/images/blog/cache/social-retargeting/cas-pratique-relancer-7-jours-puis-30-jours-scenario.jpg
contenu-social-12-posts-reutilisables-pour-artisans;Social : 12 posts réutilisables;C:\Users\bysco\Desktop\_HC_\horizon-conversion\httpdocs\public/_assets_/images/blog/cache/social-retargeting/contenu-social-12-posts-reutilisables-pour-artisans.jpg
creatifs-10-accroches-qui-attirent-des-demandes;Créatifs : 10 accroches qui génèrent des leads;C:\Users\bysco\Desktop\_HC_\horizon-conversion\httpdocs\public/_assets_/images/blog/cache/social-retargeting/creatifs-10-accroches-qui-attirent-des-demandes.jpg
frequence-eviter-la-lassitude-en-retargeting;Retargeting : fréquence anti-lassitude;C:\Users\bysco\Desktop\_HC_\horizon-conversion\httpdocs\public/_assets_/images/blog/cache/social-retargeting/frequence-eviter-la-lassitude-en-retargeting.jpg
instagram-local-strategie-1h-par-semaine-pour-etre-visible;Instagram local : 1h/semaine;C:\Users\bysco\Desktop\_HC_\horizon-conversion\httpdocs\public/_assets_/images/blog/cache/social-retargeting/instagram-local-strategie-1h-par-semaine-pour-etre-visible.jpg
landing-retargeting-differente-de-la-landing-search;Landing retargeting vs landing search;C:\Users\bysco\Desktop\_HC_\horizon-conversion\httpdocs\public/_assets_/images/blog/cache/social-retargeting/landing-retargeting-differente-de-la-landing-search.jpg
lead-forms-meta-avantages-et-risques-qualite;Lead Forms Meta : avantages/risques;C:\Users\bysco\Desktop\_HC_\horizon-conversion\httpdocs\public/_assets_/images/blog/cache/social-retargeting/lead-forms-meta-avantages-et-risques-qualite.jpg
linkedin-local-b2b-capter-des-demandes-qualifiees;LinkedIn local B2B : leads qualifiés;C:\Users\bysco\Desktop\_HC_\horizon-conversion\httpdocs\public/_assets_/images/blog/cache/social-retargeting/linkedin-local-b2b-capter-des-demandes-qualifiees.jpg
meta-ads-pour-services-locaux-quand-ca-marche-vraiment;Meta Ads local : quand ça marche;C:\Users\bysco\Desktop\_HC_\horizon-conversion\httpdocs\public/_assets_/images/blog/cache/social-retargeting/meta-ads-pour-services-locaux-quand-ca-marche-vraiment.jpg
nurturing-sequence-email-3-messages-apres-un-lead;Nurturing : 3 emails post-lead;C:\Users\bysco\Desktop\_HC_\horizon-conversion\httpdocs\public/_assets_/images/blog/cache/social-retargeting/nurturing-sequence-email-3-messages-apres-un-lead.jpg
offre-audit-gratuit-vs-devis-quel-aimant-choisir;Aimant : audit gratuit vs devis;C:\Users\bysco\Desktop\_HC_\horizon-conversion\httpdocs\public/_assets_/images/blog/cache/social-retargeting/offre-audit-gratuit-vs-devis-quel-aimant-choisir.jpg
offres-pack-comment-les-rendre-lisibles-sur-les-reseaux;Offres pack : lisibles sur réseaux;C:\Users\bysco\Desktop\_HC_\horizon-conversion\httpdocs\public/_assets_/images/blog/cache/social-retargeting/offres-pack-comment-les-rendre-lisibles-sur-les-reseaux.jpg
pixel-meta-configuration-minimale-via-gtm;Pixel Meta : setup minimal GTM;C:\Users\bysco\Desktop\_HC_\horizon-conversion\httpdocs\public/_assets_/images/blog/cache/social-retargeting/pixel-meta-configuration-minimale-via-gtm.jpg
preuves-sociales-transformer-avis-en-publicites;Preuves sociales : avis ? pubs;C:\Users\bysco\Desktop\_HC_\horizon-conversion\httpdocs\public/_assets_/images/blog/cache/social-retargeting/preuves-sociales-transformer-avis-en-publicites.jpg
prospection-linkedin-message-court-qui-obtient-une-reponse;Prospection LinkedIn : message qui répond;C:\Users\bysco\Desktop\_HC_\horizon-conversion\httpdocs\public/_assets_/images/blog/cache/social-retargeting/prospection-linkedin-message-court-qui-obtient-une-reponse.jpg
retargeting-google-display-utile-ou-pas-pour-le-local;Display retargeting : utile en local ?;C:\Users\bysco\Desktop\_HC_\horizon-conversion\httpdocs\public/_assets_/images/blog/cache/social-retargeting/retargeting-google-display-utile-ou-pas-pour-le-local.jpg
retargeting-le-plan-simple-pour-relancer-les-visiteurs;Retargeting : plan simple visiteurs;C:\Users\bysco\Desktop\_HC_\horizon-conversion\httpdocs\public/_assets_/images/blog/cache/social-retargeting/retargeting-le-plan-simple-pour-relancer-les-visiteurs.jpg
retargeting-youtube-relancer-a-faible-cout-cadre;YouTube retargeting : relancer low-cost;C:\Users\bysco\Desktop\_HC_\horizon-conversion\httpdocs\public/_assets_/images/blog/cache/social-retargeting/retargeting-youtube-relancer-a-faible-cout-cadre.jpg
tableau-de-bord-social-mesurer-sans-se-noyer;Dashboard social : mesurer simple;C:\Users\bysco\Desktop\_HC_\horizon-conversion\httpdocs\public/_assets_/images/blog/cache/social-retargeting/tableau-de-bord-social-mesurer-sans-se-noyer.jpg
tracking-meta-conversions-api-et-limites-a-connaitre;Tracking Meta : CAPI + limites;C:\Users\bysco\Desktop\_HC_\horizon-conversion\httpdocs\public/_assets_/images/blog/cache/social-retargeting/tracking-meta-conversions-api-et-limites-a-connaitre.jpg
tunnel-pub-landing-preuve-contact-modele;Tunnel pub : landing ? preuve ? contact;C:\Users\bysco\Desktop\_HC_\horizon-conversion\httpdocs\public/_assets_/images/blog/cache/social-retargeting/tunnel-pub-landing-preuve-contact-modele.jpg
ugc-demander-a-un-client-un-temoignage-video-script;UGC : script témoignage vidéo;C:\Users\bysco\Desktop\_HC_\horizon-conversion\httpdocs\public/_assets_/images/blog/cache/social-retargeting/ugc-demander-a-un-client-un-temoignage-video-script.jpg
video-courte-script-30-secondes-pour-presenter-une-offre;Vidéo courte : script 30s offre;C:\Users\bysco\Desktop\_HC_\horizon-conversion\httpdocs\public/_assets_/images/blog/cache/social-retargeting/video-courte-script-30-secondes-pour-presenter-une-offre.jpg
